Ward Name,Constituency of ward,Number of Complaints,Constituency Level,Complaint Count
Puttenahalli,BOMMANAHALLI,2065,BOMMANAHALLI,4727
Kumaraswamy Layout,PADMANABA NAGAR,1825,CHICKPET,4469
Vishveshwarapura,CHICKPET,1702,PADMANABA NAGAR,3773
Jnana Bharathi,RAJARAJESHWARI NAGAR,1381,BANGALORE SOUTH,3487
Anjanapura,BANGALORE SOUTH,1284,B.T.M. LAYOUT,3081
Hampi Nagar,VIJAYA NAGAR,1281,GANDHI NAGAR,2805
Sunkenahalli,CHICKPET,1254,MALLESWARAM,2744
Vasanthapura,BANGALORE SOUTH,1189,VIJAYA NAGAR,2642
Jakkasandra,B.T.M. LAYOUT,1139,RAJAJI NAGAR,2532
Binnipet,GANDHI NAGAR,947,GOVINDRAJA NAGAR,2532
Ganesh Mandir,PADMANABA NAGAR,936,PULAKESHI NAGAR (SC),2505
Aramane Nagara,MALLESWARAM,929,BYATARAYANAPURA,2466
Thanisandra,BYATARAYANAPURA,927,SHANTI NAGAR,2366
Muneshwara Nagar,PULAKESHI NAGAR (SC),921,RAJARAJESHWARI NAGAR,1997
Cottonpete,GANDHI NAGAR,910,JAYANAGAR,1943
Madivala,B.T.M. LAYOUT,900,CHAMARAJPET,1664
Rajaji Nagar,RAJAJI NAGAR,896,K.R.PURA,1557
Neelasandra,SHANTI NAGAR,876,SHIVAJI NAGAR,1503
HSR Layout,BOMMANAHALLI,860,SARVARGNA NAGAR,1475
Nagarabhavi,GOVINDRAJA NAGAR,810,MAHADEVAPURA (SC),1457
Hoysala Nagar,C.V. RAMAN NAGAR (SC),772,C.V. RAMAN NAGAR (SC),1421
Siddapura,CHICKPET,765,DASARAHALLI,1361
Rajamahal Guttahalli,MALLESWARAM,727,HEBBAL,1154
Vijnanapura,K.R.PURA,716,YESHVANTHAPURA,1142
Nayandahalli,GOVINDRAJA NAGAR,709,MAHALAXMI LAYOUT,816
Jaraganahalli,BOMMANAHALLI,637,BASAVANAGUDI,635
Sampangiram Nagar,SHIVAJI NAGAR,597,YELAHANKA,538
Sagayarapuram,PULAKESHI NAGAR (SC),596,ANEKAL (SC),130
Hemmigepura,YESHVANTHAPURA,590,,
Shakambari Nagar,JAYANAGAR,579,,
Lingarajapura,SARVARGNA NAGAR,571,,
Chalavadipalya,CHAMARAJPET,542,,
Sarakki,JAYANAGAR,530,,
Dodda Bommasandra,BYATARAYANAPURA,519,,
Azad Nagar,CHAMARAJPET,504,,
Sriramamandira,RAJAJI NAGAR,468,,
Lakkasandra,B.T.M. LAYOUT,461,,
Prakash Nagar,RAJAJI NAGAR,443,,
Basaveshwara Nagar,RAJAJI NAGAR,433,,
Dodda Nekkundi,MAHADEVAPURA (SC),432,,
Malleswaram,MALLESWARAM,430,,
Chickpet,GANDHI NAGAR,424,,
S K Garden,PULAKESHI NAGAR (SC),400,,
Shettihalli,DASARAHALLI,387,,
Begur,BANGALORE SOUTH,384,,
Gurappanpalya,JAYANAGAR,364,,
Kempapura Agrahara,VIJAYA NAGAR,359,,
Agaram,SHANTI NAGAR,339,,
Vannarpet,SHANTI NAGAR,339,,
Bommanahalli,BOMMANAHALLI,338,,
Kuvempu Nagar,BYATARAYANAPURA,318,,
Manorayanapalya,HEBBAL,316,,
Dr Raj Kumar,GOVINDRAJA NAGAR,314,,
Rayapuram,CHAMARAJPET,311,,
Gandhi Nagar,GANDHI NAGAR,310,,
Chikallasandra,PADMANABA NAGAR,297,,
Nagapura,MAHALAXMI LAYOUT,288,,
HAL Airport,K.R.PURA,283,,
Girinagar,BASAVANAGUDI,282,,
Agrahara Dasarahalli,GOVINDRAJA NAGAR,281,,
Attiguppe,VIJAYA NAGAR,277,,
Hombegowda Nagar,CHICKPET,274,,
JP Nagar,JAYANAGAR,273,,
Hosahalli,VIJAYA NAGAR,273,,
Shanthi Nagar,SHANTI NAGAR,265,,
Shantala Nagar,SHANTI NAGAR,262,,
Hongasandra,BOMMANAHALLI,261,,
Jayachamarajendra Nagar,HEBBAL,260,,
Konankunte,BANGALORE SOUTH,254,,
Subramanya Nagar,MALLESWARAM,250,,
Devara Jeevanahalli,PULAKESHI NAGAR (SC),245,,
Ulsoor,SHIVAJI NAGAR,241,,
Jakkuru,BYATARAYANAPURA,238,,
Kempegowda,YELAHANKA,238,,
Vijnana Nagar,K.R.PURA,237,,
Kadu Malleshwara,MALLESWARAM,236,,
Kadugondanahalli,SARVARGNA NAGAR,235,,
Dharmaraya Swamy Temple,CHICKPET,225,,
Ramaswamy Palya,SHIVAJI NAGAR,222,,
Banashankari Temple,PADMANABA NAGAR,218,,
Gangenahalli,HEBBAL,212,,
T Dasarahalli,DASARAHALLI,212,,
Arekere,BOMMANAHALLI,210,,
Varthur,MAHADEVAPURA (SC),200,,
Yelchenahalli,BANGALORE SOUTH,200,,
Yeshwanthpura,RAJARAJESHWARI NAGAR,192,,
Mangamannapalya,BOMMANAHALLI,191,,
Hosakerehalli,PADMANABA NAGAR,185,,
Garudachar Palya,MAHADEVAPURA (SC),184,,
Jogupalya,SHANTI NAGAR,174,,
Atturu,YELAHANKA,173,,
Kaval Bairasandra,PULAKESHI NAGAR (SC),172,,
Kodigehalli,BYATARAYANAPURA,169,,
Bilekahalli,BOMMANAHALLI,165,,
Shakthi Ganapathi Nagar,MAHALAXMI LAYOUT,163,,
Mallassandra,DASARAHALLI,163,,
Kadugodi,MAHADEVAPURA (SC),162,,
Bagalakunte,DASARAHALLI,162,,
Ejipura,B.T.M. LAYOUT,162,,
Marathahalli,MAHADEVAPURA (SC),161,,
Dodda Bidarakallu,YESHVANTHAPURA,160,,
Hagadur,MAHADEVAPURA (SC),160,,
Peenya Industrial Area,DASARAHALLI,158,,
Vidyaranyapura,BYATARAYANAPURA,157,,
Sarvagna Nagar,C.V. RAMAN NAGAR (SC),155,,
Kacharkanahalli,SARVARGNA NAGAR,154,,
Okalipuram,GANDHI NAGAR,153,,
Bellanduru,MAHADEVAPURA (SC),150,,
Mudalapalya,GOVINDRAJA NAGAR,147,,
Mattikere,MALLESWARAM,146,,
Ullalu,YESHVANTHAPURA,146,,
Bapuji Nagar,VIJAYA NAGAR,144,,
Banasavadi,SARVARGNA NAGAR,144,,
Jayanagar,CHICKPET,142,,
Deepanjali Nagar,VIJAYA NAGAR,141,,
Adugodi,B.T.M. LAYOUT,139,,
Jayamahal,SHIVAJI NAGAR,139,,
Byatarayanapura,BYATARAYANAPURA,138,,
Padmanabha Nagar,PADMANABA NAGAR,138,,
Rajagopalanagar,DASARAHALLI,133,,
Vrushabhavathi Nagar,MAHALAXMI LAYOUT,130,,
Singasandra,ANEKAL (SC),130,,
Herohalli,YESHVANTHAPURA,128,,
Chamrajapet,CHAMARAJPET,126,,
Vasanth Nagar,SHIVAJI NAGAR,126,,
Kammanahalli,SARVARGNA NAGAR,124,,
Shivanagar,RAJAJI NAGAR,123,,
Kamakshipalya,RAJAJI NAGAR,121,,
Konena Agrahara,C.V. RAMAN NAGAR (SC),118,,
Kengeri,YESHVANTHAPURA,118,,
Kaveripura,GOVINDRAJA NAGAR,118,,
BTM Layout,B.T.M. LAYOUT,116,,
J P Park,RAJARAJESHWARI NAGAR,113,,
Domlur,SHANTI NAGAR,111,,
Suddagunte Palya,B.T.M. LAYOUT,109,,
Sudham Nagara,CHICKPET,107,,
Maruthi Seva Nagar,SARVARGNA NAGAR,104,,
Kushal Nagar,PULAKESHI NAGAR (SC),104,,
Kottigepalya,RAJARAJESHWARI NAGAR,103,,
Karisandra,PADMANABA NAGAR,102,,
Bharathi Nagar,SHIVAJI NAGAR,101,,
Heggenahali,DASARAHALLI,99,,
Benniganahalli,C.V. RAMAN NAGAR (SC),99,,
Hebbal,HEBBAL,98,,
New Tippasandra,C.V. RAMAN NAGAR (SC),98,,
Vidya Peeta,BASAVANAGUDI,97,,
Katriguppe,BASAVANAGUDI,97,,
Gottigere,BANGALORE SOUTH,91,,
C V Raman Nagar,C.V. RAMAN NAGAR (SC),90,,
Sanjay Nagar,HEBBAL,90,,
Jeevanbhima Nagar,C.V. RAMAN NAGAR (SC),89,,
HBR Layout,SARVARGNA NAGAR,88,,
Laggere,RAJARAJESHWARI NAGAR,88,,
K R Puram,K.R.PURA,88,,
Uttarahalli,BANGALORE SOUTH,85,,
Gali Anjaneya Temple,VIJAYA NAGAR,84,,
Vijayanagar,VIJAYA NAGAR,83,,
Pattabhiram Nagar,JAYANAGAR,80,,
Jagajivanaramnagar,CHAMARAJPET,78,,
Padarayanapura,CHAMARAJPET,77,,
Marenahalli,GOVINDRAJA NAGAR,77,,
A Narayanapura,K.R.PURA,77,,
Shivaji Nagar,SHIVAJI NAGAR,77,,
Chowdeshwari,YELAHANKA,73,,
Yediyur,PADMANABA NAGAR,72,,
Byrasandra,JAYANAGAR,71,,
Hanumantha Nagar,BASAVANAGUDI,70,,
Basavanagudi,BASAVANAGUDI,69,,
Shankar Matt,MAHALAXMI LAYOUT,69,,
Vishwanath Nagenahalli,HEBBAL,68,,
Pulikeshinagar,PULAKESHI NAGAR (SC),67,,
Nandini Layout,MAHALAXMI LAYOUT,67,,
Mahalakshimpuram,MAHALAXMI LAYOUT,65,,
Basavanapura,K.R.PURA,60,,
Radhakrishna Temple,HEBBAL,60,,
Devasandra,K.R.PURA,59,,
Koramangala,B.T.M. LAYOUT,55,,
Nagavara,SARVARGNA NAGAR,55,,
Yelahanka Satellite Town,YELAHANKA,54,,
Ganga Nagar,HEBBAL,50,,
Subhash Nagar,GANDHI NAGAR,49,,
Dayananda Nagar,RAJAJI NAGAR,48,,
Chokkasandra,DASARAHALLI,47,,
Jayanagar East,JAYANAGAR,46,,
HMT,RAJARAJESHWARI NAGAR,43,,
Maruthi Mandira,GOVINDRAJA NAGAR,41,,
Govindaraja Nagar,GOVINDRAJA NAGAR,35,,
Marappana Palya,MAHALAXMI LAYOUT,34,,
Rajarajeshwari Nagar,RAJARAJESHWARI NAGAR,31,,
K R Market,CHAMARAJPET,26,,
Lakshmi Devi Nagar,RAJARAJESHWARI NAGAR,26,,
Gayathri Nagar,MALLESWARAM,26,,
Ramamurthy Nagar,K.R.PURA,24,,
Test_Ward,#N/A,22,,
Srinagar,BASAVANAGUDI,20,,
Jalahalli,RAJARAJESHWARI NAGAR,20,,
Horamavu,K.R.PURA,13,,
Dattatreya Temple,GANDHI NAGAR,12,,
Hoodi,MAHADEVAPURA (SC),8,,
Grand Total,,58944,,
